transaction_id,customer_id,exposure_amount,transaction_amount,booking_date,reporting_date,risk_segment,source_system,country_code,status
TX-100000,CUST-1163,56554.2,74180.89,2026-02-04,2026-02-07,Corporate,FINANCE_APP,FR,CLOSED
TX-100001,CUST-1189,446197.6,8785.19,2026-01-12,2026-01-12,Retail,CORE_BANKING,DE,BOOKED
TX-100002,CUST-1129,301407.35,56168.38,2025-12-06,2025-12-16,Investment,CORE_BANKING,ES,CLOSED
TX-100003,CUST-1071,404905.8,749.23,2025-11-24,2025-11-26,Investment,RISK_ENGINE,IT,BOOKED
TX-100004,CUST-1055,478649.32,33725.8,2026-02-24,2026-03-02,Retail,RISK_ENGINE,IT,CLOSED
TX-100005,,403757.01,73000.21,2025-12-29,2025-12-30,Investment,CORE_BANKING,IT,CLOSED
TX-100006,CUST-1158,442840.42,36227.34,2026-02-11,2026-02-12,Retail,FINANCE_APP,DE,PENDING
TX-100007,CUST-1020,427803.54,86661.72,2026-01-18,2026-01-22,Investment,FINANCE_APP,IT,BOOKED
TX-100008,CUST-1094,178280.08,67050.5,2025-12-08,2025-12-18,Retail,FINANCE_APP,DE,CLOSED
TX-100009,CUST-1186,123160.65,46279.8,2026-02-01,2026-02-11,Corporate,FINANCE_APP,IT,BOOKED
TX-100010,CUST-1058,411079.49,-9999.0,2026-01-15,2026-01-19,Retail,CORE_BANKING,IT,BOOKED
TX-100011,CUST-1167,250116.4,88479.85,2025-12-15,2025-12-22,Corporate,RISK_ENGINE,DE,BOOKED
TX-100012,CUST-1190,281122.7,26347.89,2025-12-23,2025-12-29,Investment,RISK_ENGINE,DE,BOOKED
TX-100013,CUST-1130,247264.4,75602.64,2025-11-17,2025-11-18,Corporate,FINANCE_APP,DE,CLOSED
TX-100014,CUST-1108,298608.11,38538.25,2025-12-21,2025-12-28,SME,FINANCE_APP,FR,CLOSED
TX-100015,CUST-1184,58161.32,88490.37,2025-12-01,2025-12-05,SME,CORE_BANKING,IT,PENDING
TX-100016,CUST-1040,227408.13,95386.21,2025-11-15,2025-11-19,Corporate,FINANCE_APP,FR,CLOSED
TX-100017,CUST-1076,420993.0,50815.52,2026-02-10,2026-02-12,SME,CORE_BANKING,FR,CLOSED
TX-100018,CUST-1082,244814.25,11275.59,2026-01-20,2026-01-24,Corporate,CORE_BANKING,DE,CLOSED
TX-100019,CUST-1020,43741.07,48650.45,2026-02-27,2026-03-07,Corporate,CORE_BANKING,ES,CLOSED
TX-100020,CUST-1042,133263.26,87256.06,2026-01-12,2026-04-06,Corporate,FINANCE_APP,IT,PENDING
TX-100021,CUST-1171,325289.15,43866.2,2025-12-31,2026-01-07,Retail,CORE_BANKING,DE,BOOKED
TX-100022,CUST-1086,11496.1,55436.76,2025-12-22,2025-12-25,Retail,CORE_BANKING,FR,BOOKED
TX-100023,CUST-1017,452804.59,85977.58,2026-02-26,2026-03-06,Corporate,RISK_ENGINE,ES,BOOKED
TX-100024,CUST-1138,67023.61,93557.87,2025-12-24,2026-01-02,Investment,CORE_BANKING,ES,PENDING
TX-100025,CUST-1048,48068.57,65932.38,2026-01-21,2026-01-27,Investment,RISK_ENGINE,XXX,CLOSED
TX-100026,CUST-1167,492098.44,9931.95,2026-01-15,2026-01-20,Retail,CORE_BANKING,DE,BOOKED
TX-100027,CUST-1137,224858.16,42245.98,2026-01-31,2026-02-07,Corporate,CORE_BANKING,ES,CLOSED
TX-100028,CUST-1025,26243.58,99928.32,2025-11-20,2025-11-20,Retail,CORE_BANKING,DE,PENDING
TX-100029,CUST-1124,241197.85,86478.57,2025-11-12,2025-11-12,Corporate,RISK_ENGINE,FR,PENDING
TX-100030,CUST-1067,463332.52,78534.42,2026-01-30,2026-02-05,,CORE_BANKING,DE,PENDING
TX-100031,CUST-1055,484385.97,57960.11,2025-12-28,2025-12-28,SME,CORE_BANKING,FR,CLOSED
TX-100032,CUST-1122,251922.34,85286.72,2026-02-15,2026-02-15,Retail,CORE_BANKING,FR,CLOSED
TX-100033,CUST-1017,337931.06,23596.87,2026-02-20,2026-03-01,Corporate,FINANCE_APP,FR,CLOSED
TX-100034,CUST-1020,210193.23,58408.86,2025-12-31,2026-01-05,SME,CORE_BANKING,IT,BOOKED
TX-100035,CUST-1067,198497.14,67201.85,2026-01-28,2026-02-04,SME,CORE_BANKING,FR,PENDING
TX-100036,CUST-1159,499228.77,99610.04,2026-02-26,2026-03-06,Corporate,FINANCE_APP,IT,BOOKED
TX-100037,CUST-1089,440551.22,87939.1,2026-01-19,2026-01-23,Corporate,RISK_ENGINE,IT,CLOSED
TX-100038,CUST-1167,264941.41,66819.53,2025-12-27,2025-12-31,Retail,CORE_BANKING,IT,BOOKED
TX-100039,CUST-1027,371465.93,15629.25,2026-01-30,2026-02-08,Corporate,FINANCE_APP,IT,BOOKED
TX-100040,CUST-1175,317484.74,26471.99,2026-01-04,2026-01-08,Retail,CORE_BANKING,ES,PENDING
TX-100041,CUST-1011,2769.3,77134.81,2025-12-16,2025-12-20,Corporate,FINANCE_APP,ES,CLOSED
TX-100042,CUST-1180,214415.77,1066.0,2026-02-26,2026-02-28,Retail,RISK_ENGINE,DE,PENDING
TX-100043,CUST-1032,21872.6,36528.69,2025-11-08,2025-11-08,SME,CORE_BANKING,DE,CLOSED
TX-100044,CUST-1026,177485.64,56032.36,2025-11-16,2025-11-22,Corporate,CORE_BANKING,DE,BOOKED
TX-100045,CUST-1105,13368.39,73682.79,2026-01-24,2026-01-30,Corporate,RISK_ENGINE,DE,CLOSED
TX-100046,CUST-1027,191888.32,3968.59,2026-01-06,2026-01-09,Corporate,RISK_ENGINE,IT,PENDING
TX-100047,CUST-1058,112238.85,66037.31,2026-01-15,2026-01-20,SME,CORE_BANKING,IT,PENDING
TX-100048,CUST-1164,255193.43,67983.86,2025-11-20,2025-11-28,SME,CORE_BANKING,FR,PENDING
TX-100049,CUST-1045,290714.28,98356.7,2026-03-03,2026-03-04,Investment,RISK_ENGINE,IT,PENDING
TX-100050,CUST-1155,492133.69,11653.01,2025-11-12,2025-11-21,Corporate,RISK_ENGINE,FR,CLOSED
TX-100051,CUST-1111,1843.95,92564.96,2025-12-29,2026-01-08,Corporate,RISK_ENGINE,ES,BOOKED
TX-100052,CUST-1170,460464.66,62353.23,2025-12-13,2025-12-14,SME,FINANCE_APP,IT,CLOSED
TX-100053,CUST-1104,163765.27,69751.12,2025-12-27,2025-12-29,Corporate,RISK_ENGINE,ES,CLOSED
TX-100054,CUST-1191,451499.97,61589.94,2026-01-28,2026-02-03,Retail,RISK_ENGINE,IT,BOOKED
TX-100055,CUST-1110,393093.65,60705.49,2026-01-25,2026-02-01,Investment,RISK_ENGINE,DE,CLOSED
TX-100056,CUST-1121,397073.96,95987.22,2025-12-03,2025-12-05,Retail,RISK_ENGINE,IT,BOOKED
TX-100057,CUST-1192,118199.43,31110.9,2025-11-24,2025-11-27,Corporate,CORE_BANKING,FR,BOOKED
TX-100058,CUST-1121,306025.71,76872.08,2026-01-08,2026-01-14,Corporate,FINANCE_APP,ES,PENDING
TX-100059,CUST-1102,122748.24,65640.2,2026-03-07,2026-03-08,Investment,CORE_BANKING,DE,CLOSED
TX-100060,CUST-1132,232810.39,55784.84,2025-11-10,2025-11-11,Investment,CORE_BANKING,ES,CLOSED
TX-100061,CUST-1135,493958.33,59585.69,2025-12-01,2025-12-08,Investment,FINANCE_APP,ES,BOOKED
TX-100062,CUST-1190,430885.96,45061.97,2025-12-01,2025-12-04,SME,FINANCE_APP,ES,CLOSED
TX-100063,CUST-1061,138024.13,7840.59,2026-01-30,2026-02-02,SME,RISK_ENGINE,IT,CLOSED
TX-100064,CUST-1020,70048.66,23203.02,2025-12-09,2025-12-11,Corporate,CORE_BANKING,ES,PENDING
TX-100065,CUST-1084,271762.96,41635.85,2026-02-09,2026-02-15,Investment,FINANCE_APP,FR,CLOSED
TX-100066,CUST-1097,239012.89,94279.89,2026-01-28,2026-02-03,Investment,FINANCE_APP,DE,PENDING
TX-100067,CUST-1056,137194.72,48615.64,2026-01-17,2026-01-22,Investment,FINANCE_APP,DE,PENDING
TX-100068,CUST-1032,490380.27,53458.95,2025-11-11,2025-11-17,Retail,CORE_BANKING,ES,BOOKED
TX-100069,CUST-1118,91682.78,26089.62,2026-01-25,2026-01-28,Investment,RISK_ENGINE,IT,PENDING
TX-100070,CUST-1071,376252.9,83209.24,2026-02-03,2026-02-04,Investment,CORE_BANKING,FR,PENDING
TX-100071,CUST-1057,325421.9,78145.18,2025-12-14,2025-12-14,Retail,CORE_BANKING,DE,BOOKED
TX-100072,CUST-1159,77038.79,12709.48,2025-12-12,2025-12-13,Corporate,RISK_ENGINE,IT,PENDING
TX-100073,CUST-1042,303340.45,96377.1,2025-12-06,2025-12-07,Corporate,RISK_ENGINE,FR,CLOSED
TX-100074,CUST-1006,464514.7,57622.09,2025-11-11,2025-11-17,Investment,FINANCE_APP,DE,BOOKED
TX-100075,CUST-1151,345616.59,62761.52,2026-02-22,2026-02-26,Retail,FINANCE_APP,FR,PENDING
TX-100076,CUST-1136,214760.63,37120.03,2026-01-02,2026-01-12,SME,CORE_BANKING,ES,PENDING
TX-100077,CUST-1027,217328.18,36282.59,2025-11-13,2025-11-20,Corporate,RISK_ENGINE,DE,CLOSED
TX-100078,CUST-1133,482771.39,27081.23,2025-11-24,2025-12-02,Investment,RISK_ENGINE,ES,CLOSED
TX-100079,CUST-1151,134929.37,85186.14,2025-11-21,2025-11-22,SME,RISK_ENGINE,DE,PENDING
TX-100080,CUST-1145,305555.52,37961.03,2026-03-04,2026-03-11,SME,CORE_BANKING,ES,BOOKED
TX-100081,CUST-1090,399118.35,34099.85,2025-11-15,2025-11-24,SME,FINANCE_APP,FR,CLOSED
TX-100082,CUST-1048,43720.87,72035.46,2026-01-04,2026-01-12,Corporate,FINANCE_APP,ES,CLOSED
TX-100083,CUST-1182,245919.85,79313.99,2026-02-24,2026-02-28,Corporate,RISK_ENGINE,DE,PENDING
TX-100084,CUST-1169,291196.24,47378.72,2025-12-30,2026-01-04,Investment,FINANCE_APP,IT,PENDING
TX-100085,CUST-1179,227418.89,30731.64,2026-02-06,2026-02-07,Corporate,RISK_ENGINE,FR,CLOSED
TX-100086,CUST-1137,475487.9,69047.34,2026-02-11,2026-02-14,Investment,RISK_ENGINE,IT,BOOKED
TX-100087,CUST-1049,148826.99,36152.02,2026-01-28,2026-01-28,Corporate,RISK_ENGINE,FR,BOOKED
TX-100088,CUST-1141,146776.19,94414.55,2025-12-16,2025-12-23,Retail,CORE_BANKING,IT,PENDING
TX-100089,CUST-1122,220793.93,18517.93,2026-03-01,2026-03-05,Investment,CORE_BANKING,FR,PENDING
TX-100090,CUST-1125,37967.0,62981.63,2026-03-01,2026-03-03,Corporate,FINANCE_APP,IT,BOOKED
TX-100091,CUST-1063,60107.33,76467.9,2025-12-20,2025-12-29,Corporate,FINANCE_APP,ES,PENDING
TX-100092,CUST-1113,149379.21,58893.66,2026-01-12,2026-01-16,Retail,FINANCE_APP,FR,BOOKED
TX-100093,CUST-1160,106301.57,66076.77,2026-02-15,2026-02-18,Corporate,FINANCE_APP,FR,BOOKED
TX-100094,CUST-1000,204850.27,68968.18,2026-01-06,2026-01-10,Retail,CORE_BANKING,IT,CLOSED
TX-100095,CUST-1072,351790.79,45457.73,2025-12-10,2025-12-13,SME,FINANCE_APP,DE,PENDING
TX-100096,CUST-1029,272736.63,64798.71,2025-11-11,2025-11-15,Corporate,CORE_BANKING,FR,BOOKED
TX-100097,CUST-1078,297926.97,82441.61,2025-11-10,2025-11-14,Investment,CORE_BANKING,ES,CLOSED
TX-100098,CUST-1077,350167.11,94273.36,2026-01-02,2026-01-10,Investment,RISK_ENGINE,FR,CLOSED
TX-100099,CUST-1010,444822.02,73479.94,2025-12-20,2025-12-24,Retail,CORE_BANKING,DE,CLOSED
TX-100100,CUST-1147,293974.34,2172.47,2025-11-30,2025-12-10,SME,FINANCE_APP,FR,BOOKED
TX-100101,CUST-1120,259962.96,44278.72,2026-01-31,2026-02-02,Investment,FINANCE_APP,ES,BOOKED
TX-100102,CUST-1120,174632.57,33397.51,2025-12-12,2025-12-13,Corporate,RISK_ENGINE,ES,CLOSED
TX-100103,CUST-1126,144820.68,94524.83,2025-11-23,2025-12-01,Retail,RISK_ENGINE,FR,PENDING
TX-100104,CUST-1064,162313.62,97021.45,2026-01-15,2026-01-23,Retail,FINANCE_APP,ES,PENDING
TX-100105,CUST-1013,94603.69,36241.76,2025-12-01,2025-12-08,Investment,CORE_BANKING,DE,PENDING
TX-100106,CUST-1140,66375.6,28874.11,2025-11-15,2025-11-22,Retail,CORE_BANKING,DE,CLOSED
TX-100107,CUST-1040,156064.32,1466.08,2026-01-14,2026-01-15,Corporate,CORE_BANKING,ES,BOOKED
TX-100108,CUST-1165,416239.44,49887.71,2025-12-06,2025-12-10,SME,RISK_ENGINE,ES,PENDING
TX-100109,CUST-1062,228936.45,14549.73,2026-02-11,2026-02-20,Corporate,CORE_BANKING,IT,PENDING
TX-100110,CUST-1087,467189.95,50822.99,2025-11-22,2025-11-22,SME,FINANCE_APP,IT,CLOSED
TX-100111,CUST-1148,499452.26,49015.07,2026-02-16,2026-02-23,Investment,RISK_ENGINE,IT,CLOSED
TX-100112,CUST-1195,272171.6,45588.93,2026-01-25,2026-01-28,Corporate,FINANCE_APP,ES,BOOKED
TX-100113,CUST-1198,205976.77,31885.82,2026-01-06,2026-01-12,Investment,FINANCE_APP,DE,PENDING
TX-100114,CUST-1009,63996.89,96538.82,2026-01-24,2026-01-25,Investment,CORE_BANKING,ES,BOOKED
TX-100115,CUST-1184,72933.55,87106.2,2026-02-16,2026-02-17,Investment,RISK_ENGINE,IT,CLOSED
TX-100116,CUST-1177,199344.18,8123.5,2026-01-24,2026-02-03,Investment,RISK_ENGINE,ES,CLOSED
TX-100117,CUST-1009,309112.27,23553.55,2025-12-10,2025-12-14,Corporate,FINANCE_APP,FR,PENDING
TX-100118,CUST-1025,380424.48,70418.69,2026-02-23,2026-03-02,Corporate,FINANCE_APP,IT,BOOKED
TX-100119,CUST-1011,162862.96,5706.31,2026-01-21,2026-01-26,Investment,CORE_BANKING,DE,CLOSED
TX-100120,CUST-1105,283398.1,79272.7,2026-02-14,2026-02-16,Retail,FINANCE_APP,ES,CLOSED
TX-100121,CUST-1174,121174.07,91291.62,2026-02-17,2026-02-20,Investment,FINANCE_APP,IT,PENDING
TX-100122,CUST-1065,333753.52,89900.96,2026-01-07,2026-01-11,Corporate,CORE_BANKING,ES,PENDING
TX-100123,CUST-1150,150277.97,96206.7,2025-12-09,2025-12-13,Investment,RISK_ENGINE,DE,PENDING
TX-100124,CUST-1123,54219.98,38198.29,2026-01-21,2026-01-30,SME,FINANCE_APP,IT,BOOKED
TX-100125,CUST-1168,198507.06,908.99,2025-11-17,2025-11-27,Retail,FINANCE_APP,ES,PENDING
TX-100126,CUST-1198,399631.2,60745.79,2026-01-21,2026-01-24,Corporate,FINANCE_APP,IT,CLOSED
TX-100127,CUST-1193,360743.26,65952.24,2025-11-20,2025-11-22,Retail,FINANCE_APP,FR,PENDING
TX-100128,CUST-1112,17648.9,36549.64,2026-02-19,2026-02-20,SME,RISK_ENGINE,ES,BOOKED
TX-100129,CUST-1051,66947.74,53986.84,2026-01-20,2026-01-28,SME,CORE_BANKING,IT,PENDING
TX-100130,CUST-1075,373533.12,33937.65,2026-02-21,2026-02-28,Retail,CORE_BANKING,DE,CLOSED
TX-100131,CUST-1185,337528.71,39801.41,2025-11-19,2025-11-27,SME,CORE_BANKING,ES,BOOKED
TX-100132,CUST-1067,268749.58,45533.12,2025-12-11,2025-12-21,SME,FINANCE_APP,ES,CLOSED
TX-100133,CUST-1095,55064.7,23458.81,2026-03-04,2026-03-13,SME,FINANCE_APP,DE,CLOSED
TX-100134,CUST-1016,318066.56,46480.33,2025-12-08,2025-12-12,Investment,CORE_BANKING,DE,BOOKED
TX-100135,CUST-1009,152877.93,49313.2,2026-02-23,2026-02-26,Corporate,RISK_ENGINE,ES,PENDING
TX-100136,CUST-1171,474741.0,69678.75,2025-12-28,2026-01-03,Corporate,RISK_ENGINE,FR,PENDING
TX-100137,CUST-1157,204649.83,95157.0,2026-03-03,2026-03-08,Corporate,RISK_ENGINE,ES,BOOKED
TX-100138,CUST-1092,50577.96,68599.46,2025-12-28,2026-01-07,SME,CORE_BANKING,ES,PENDING
TX-100139,CUST-1048,484135.23,94906.18,2025-11-22,2025-11-29,Retail,FINANCE_APP,DE,CLOSED
TX-100140,CUST-1163,298975.83,2233.61,2025-11-27,2025-12-02,Corporate,CORE_BANKING,DE,BOOKED
TX-100141,CUST-1195,277549.69,58679.67,2025-11-23,2025-11-26,SME,CORE_BANKING,FR,PENDING
TX-100142,CUST-1037,493776.12,54067.52,2025-11-25,2025-11-27,Retail,FINANCE_APP,FR,BOOKED
TX-100143,CUST-1003,179762.9,78864.31,2025-12-22,2025-12-27,Retail,CORE_BANKING,IT,BOOKED
TX-100144,CUST-1032,371117.31,52655.94,2025-12-02,2025-12-03,Investment,RISK_ENGINE,IT,CLOSED
TX-100145,CUST-1151,55417.95,50433.49,2025-12-19,2025-12-19,SME,RISK_ENGINE,FR,BOOKED
TX-100146,CUST-1122,423801.97,42684.73,2026-02-22,2026-03-01,Investment,CORE_BANKING,FR,PENDING
TX-100147,CUST-1155,75018.58,12706.54,2025-12-18,2025-12-28,SME,RISK_ENGINE,IT,PENDING
TX-100148,CUST-1129,303107.97,10007.93,2025-12-08,2025-12-09,Corporate,RISK_ENGINE,ES,BOOKED
TX-100149,CUST-1105,170126.88,45404.54,2026-01-13,2026-01-14,SME,RISK_ENGINE,IT,CLOSED
TX-100150,CUST-1065,187776.21,15348.63,2025-11-09,2025-11-16,Retail,CORE_BANKING,FR,BOOKED
TX-100151,CUST-1110,49185.65,73905.72,2025-11-24,2025-11-26,Retail,FINANCE_APP,IT,CLOSED
TX-100152,CUST-1031,205993.51,87373.38,2025-11-07,2025-11-13,Retail,RISK_ENGINE,IT,PENDING
TX-100153,CUST-1026,289381.34,21352.61,2025-12-13,2025-12-20,Corporate,CORE_BANKING,IT,CLOSED
TX-100154,CUST-1094,58327.77,27928.96,2026-02-07,2026-02-13,Retail,FINANCE_APP,IT,BOOKED
TX-100155,CUST-1046,137361.92,76264.71,2025-11-10,2025-11-15,SME,CORE_BANKING,DE,BOOKED
TX-100156,CUST-1144,329014.97,7051.58,2025-12-03,2025-12-13,Retail,CORE_BANKING,DE,PENDING
TX-100157,CUST-1107,227369.25,15825.19,2026-01-27,2026-02-01,Retail,CORE_BANKING,DE,BOOKED
TX-100158,CUST-1193,309301.25,67429.47,2026-02-01,2026-02-08,Investment,RISK_ENGINE,ES,PENDING
TX-100159,CUST-1069,108568.91,51283.4,2026-01-22,2026-01-28,Retail,RISK_ENGINE,ES,CLOSED
TX-100160,CUST-1170,154901.28,22129.79,2025-12-21,2025-12-21,Retail,CORE_BANKING,IT,BOOKED
TX-100161,CUST-1196,69480.17,25626.4,2026-01-25,2026-01-26,Retail,RISK_ENGINE,ES,BOOKED
TX-100162,CUST-1033,190723.52,70396.76,2026-01-02,2026-01-10,SME,CORE_BANKING,ES,CLOSED
TX-100163,CUST-1010,218673.58,46029.45,2026-02-26,2026-03-03,Investment,FINANCE_APP,ES,CLOSED
TX-100164,CUST-1163,209429.29,11605.82,2026-03-05,2026-03-10,Corporate,FINANCE_APP,ES,CLOSED
TX-100165,CUST-1092,44976.81,84463.99,2026-02-04,2026-02-10,Investment,FINANCE_APP,FR,PENDING
TX-100166,CUST-1079,373156.61,22235.05,2025-11-28,2025-11-30,Retail,FINANCE_APP,FR,CLOSED
TX-100167,CUST-1130,97757.95,77645.2,2026-01-22,2026-02-01,Corporate,CORE_BANKING,FR,BOOKED
TX-100168,CUST-1065,99438.63,60279.66,2025-11-30,2025-12-10,Retail,CORE_BANKING,ES,PENDING
TX-100169,CUST-1193,282304.01,57988.86,2025-12-10,2025-12-19,SME,FINANCE_APP,IT,BOOKED
TX-100170,CUST-1112,35074.84,44276.59,2026-01-28,2026-02-01,Retail,RISK_ENGINE,FR,PENDING
TX-100171,CUST-1118,226505.02,5783.32,2025-11-21,2025-11-25,Retail,FINANCE_APP,FR,CLOSED
TX-100172,CUST-1152,254026.84,46324.89,2025-12-27,2025-12-27,Investment,FINANCE_APP,DE,PENDING
TX-100173,CUST-1154,238338.88,15171.02,2026-02-28,2026-03-07,Retail,RISK_ENGINE,FR,CLOSED
TX-100174,CUST-1165,87106.9,24849.6,2026-01-10,2026-01-17,Corporate,RISK_ENGINE,IT,PENDING
TX-100175,CUST-1099,204975.93,33902.88,2025-12-21,2025-12-21,SME,CORE_BANKING,IT,BOOKED
TX-100176,CUST-1142,339511.29,28486.28,2025-12-05,2025-12-15,Corporate,RISK_ENGINE,FR,CLOSED
TX-100177,CUST-1169,71572.76,35047.1,2025-12-14,2025-12-24,Investment,CORE_BANKING,FR,PENDING
TX-100178,CUST-1143,188962.97,79187.03,2025-11-23,2025-11-25,Retail,FINANCE_APP,ES,CLOSED
TX-100179,CUST-1092,10097.04,30955.72,2026-02-08,2026-02-13,Investment,CORE_BANKING,DE,BOOKED
TX-100180,CUST-1039,39505.38,84458.4,2026-02-23,2026-03-03,Retail,FINANCE_APP,IT,CLOSED
TX-100181,CUST-1033,299025.97,15509.85,2026-02-12,2026-02-21,Corporate,FINANCE_APP,ES,BOOKED
TX-100182,CUST-1105,182785.41,71986.61,2026-01-10,2026-01-19,SME,FINANCE_APP,ES,BOOKED
TX-100183,CUST-1136,120345.08,96563.1,2025-11-27,2025-12-04,Corporate,RISK_ENGINE,ES,PENDING
TX-100184,CUST-1196,141604.09,38249.06,2025-12-30,2026-01-05,Corporate,CORE_BANKING,DE,PENDING
TX-100185,CUST-1013,320948.34,87424.28,2025-12-27,2025-12-28,Retail,RISK_ENGINE,FR,BOOKED
TX-100186,CUST-1069,225210.29,51383.94,2025-11-21,2025-11-27,Retail,CORE_BANKING,ES,PENDING
TX-100187,CUST-1006,208033.56,39705.75,2026-01-19,2026-01-22,Investment,CORE_BANKING,IT,BOOKED
TX-100188,CUST-1007,160023.75,9998.4,2025-12-06,2025-12-16,SME,CORE_BANKING,DE,BOOKED
TX-100189,CUST-1073,458780.69,47298.25,2025-11-21,2025-11-23,Investment,RISK_ENGINE,FR,BOOKED
TX-100190,CUST-1004,128706.04,83512.81,2025-12-27,2026-01-05,Investment,CORE_BANKING,IT,BOOKED
TX-100191,CUST-1077,61802.32,23920.11,2025-12-16,2025-12-25,Investment,CORE_BANKING,FR,PENDING
TX-100192,CUST-1152,268490.84,63232.3,2025-12-24,2025-12-27,Corporate,RISK_ENGINE,ES,BOOKED
TX-100193,CUST-1157,177055.2,57109.31,2026-02-12,2026-02-22,Retail,FINANCE_APP,IT,BOOKED
TX-100194,CUST-1134,272496.9,78662.59,2026-01-02,2026-01-10,Retail,RISK_ENGINE,ES,BOOKED
TX-100195,CUST-1162,194053.78,37392.91,2025-12-02,2025-12-02,SME,CORE_BANKING,IT,BOOKED
TX-100196,CUST-1187,328895.1,10456.02,2025-12-23,2025-12-28,Corporate,CORE_BANKING,IT,CLOSED
TX-100197,CUST-1086,406940.92,17591.4,2025-11-28,2025-12-08,Investment,FINANCE_APP,ES,CLOSED
TX-100198,CUST-1046,405937.34,6403.74,2025-11-28,2025-12-05,Retail,RISK_ENGINE,DE,BOOKED
TX-100199,CUST-1051,443009.4,31628.02,2026-01-27,2026-02-04,Investment,FINANCE_APP,ES,PENDING
TX-100200,CUST-1009,376892.17,19191.23,2026-01-21,2026-01-21,SME,RISK_ENGINE,FR,PENDING
TX-100201,CUST-1111,444853.77,74356.44,2025-11-13,2025-11-19,SME,CORE_BANKING,ES,CLOSED
TX-100202,CUST-1127,184306.12,79749.36,2026-02-01,2026-02-02,Investment,CORE_BANKING,ES,CLOSED
TX-100203,CUST-1046,273191.72,32189.02,2026-02-25,2026-03-02,SME,RISK_ENGINE,ES,CLOSED
TX-100204,CUST-1183,213631.92,69007.5,2026-01-22,2026-01-29,Retail,FINANCE_APP,IT,CLOSED
TX-100205,CUST-1111,138003.12,98004.73,2026-02-28,2026-03-01,Investment,RISK_ENGINE,DE,BOOKED
TX-100206,CUST-1036,424485.99,67841.08,2026-01-10,2026-01-10,Corporate,CORE_BANKING,DE,CLOSED
TX-100207,CUST-1093,181713.14,94951.76,2026-03-03,2026-03-12,Corporate,FINANCE_APP,ES,PENDING
TX-100208,CUST-1095,222525.71,7780.85,2026-02-18,2026-02-26,SME,RISK_ENGINE,IT,CLOSED
TX-100209,CUST-1071,125556.21,11433.52,2025-12-03,2025-12-05,Investment,FINANCE_APP,ES,CLOSED
TX-100210,CUST-1030,131626.56,26102.95,2026-01-09,2026-01-12,SME,FINANCE_APP,ES,BOOKED
TX-100211,CUST-1031,68728.48,7497.8,2026-02-13,2026-02-20,Retail,FINANCE_APP,IT,CLOSED
TX-100212,CUST-1088,355060.7,55044.72,2026-01-29,2026-02-02,Corporate,FINANCE_APP,DE,PENDING
TX-100213,CUST-1130,112896.57,98514.74,2025-11-26,2025-11-28,Corporate,RISK_ENGINE,FR,PENDING
TX-100214,CUST-1141,286566.43,46793.84,2025-12-27,2025-12-29,Retail,CORE_BANKING,IT,PENDING
TX-100215,CUST-1183,359715.96,52617.0,2025-11-29,2025-12-05,Retail,CORE_BANKING,IT,CLOSED
TX-100216,CUST-1018,225537.27,68042.89,2026-01-22,2026-01-24,Corporate,CORE_BANKING,ES,CLOSED
TX-100217,CUST-1014,415864.01,51858.4,2026-01-28,2026-01-30,Corporate,RISK_ENGINE,DE,PENDING
TX-100218,CUST-1132,447568.03,84608.78,2026-02-03,2026-02-06,SME,CORE_BANKING,IT,CLOSED
TX-100219,CUST-1136,47620.78,64134.64,2025-12-22,2025-12-31,Corporate,CORE_BANKING,IT,CLOSED
TX-100220,CUST-1010,412792.9,2934.51,2026-03-02,2026-03-12,SME,FINANCE_APP,DE,CLOSED
TX-100221,CUST-1106,309436.1,3125.56,2025-11-14,2025-11-24,SME,FINANCE_APP,IT,PENDING
TX-100222,CUST-1062,402539.39,68530.59,2026-01-28,2026-02-04,Retail,FINANCE_APP,FR,BOOKED
TX-100223,CUST-1112,208395.25,46497.77,2026-01-23,2026-02-01,Corporate,RISK_ENGINE,IT,CLOSED
TX-100224,CUST-1088,487711.69,13163.54,2026-01-19,2026-01-27,Retail,RISK_ENGINE,DE,PENDING
TX-100225,CUST-1031,134468.37,24867.1,2026-02-23,2026-02-23,SME,RISK_ENGINE,ES,BOOKED
TX-100226,CUST-1040,406925.45,93381.78,2025-12-05,2025-12-10,Corporate,CORE_BANKING,ES,CLOSED
TX-100227,CUST-1119,249881.09,30923.19,2026-03-05,2026-03-06,Investment,FINANCE_APP,ES,BOOKED
TX-100228,CUST-1055,292088.71,4960.95,2026-01-30,2026-02-06,Investment,RISK_ENGINE,FR,BOOKED
TX-100229,CUST-1110,67833.54,26520.84,2026-01-20,2026-01-26,SME,CORE_BANKING,ES,BOOKED
TX-100230,CUST-1145,281346.62,36316.13,2026-01-30,2026-01-31,Investment,FINANCE_APP,ES,CLOSED
TX-100231,CUST-1071,412830.35,62361.83,2025-12-19,2025-12-20,Corporate,CORE_BANKING,ES,PENDING
TX-100232,CUST-1086,279358.09,36624.08,2026-02-17,2026-02-20,Investment,FINANCE_APP,FR,BOOKED
TX-100233,CUST-1009,69381.15,33370.77,2026-01-06,2026-01-14,Investment,CORE_BANKING,DE,PENDING
TX-100234,CUST-1156,159946.49,39356.16,2025-12-19,2025-12-23,SME,FINANCE_APP,ES,CLOSED
TX-100235,CUST-1144,150595.49,81593.31,2026-01-19,2026-01-24,Retail,RISK_ENGINE,IT,CLOSED
TX-100236,CUST-1176,315000.98,59731.27,2026-02-02,2026-02-12,Corporate,FINANCE_APP,FR,CLOSED
TX-100237,CUST-1122,86085.52,62939.62,2025-12-18,2025-12-24,Corporate,FINANCE_APP,DE,BOOKED
TX-100238,CUST-1146,474154.38,11078.56,2026-03-05,2026-03-12,SME,RISK_ENGINE,DE,PENDING
TX-100239,CUST-1176,102741.95,50231.77,2025-12-19,2025-12-26,Retail,FINANCE_APP,DE,CLOSED
TX-100240,CUST-1053,280882.5,99812.47,2026-01-05,2026-01-13,Investment,RISK_ENGINE,DE,PENDING
TX-100241,CUST-1136,171821.18,35493.27,2025-11-29,2025-12-09,SME,FINANCE_APP,ES,BOOKED
TX-100242,CUST-1063,140224.19,29920.07,2025-11-07,2025-11-11,SME,FINANCE_APP,DE,CLOSED
TX-100243,CUST-1180,245012.54,48032.36,2025-12-26,2025-12-30,SME,CORE_BANKING,ES,PENDING
TX-100244,CUST-1088,477349.82,80481.12,2026-01-29,2026-01-29,SME,FINANCE_APP,FR,PENDING
TX-100245,CUST-1113,328330.05,74759.12,2026-02-08,2026-02-11,SME,FINANCE_APP,IT,BOOKED
TX-100246,CUST-1027,308222.84,58724.37,2026-02-04,2026-02-04,Corporate,FINANCE_APP,DE,BOOKED
TX-100247,CUST-1025,207237.38,71764.07,2026-02-23,2026-03-05,Corporate,CORE_BANKING,DE,PENDING
TX-100248,CUST-1167,467581.02,87852.12,2026-01-05,2026-01-15,Corporate,RISK_ENGINE,IT,PENDING
TX-100249,CUST-1165,30522.13,76895.63,2025-12-14,2025-12-23,Corporate,FINANCE_APP,FR,BOOKED
TX-100250,CUST-1106,441240.24,17661.29,2025-11-10,2025-11-10,Investment,RISK_ENGINE,DE,CLOSED
TX-100251,CUST-1074,438494.84,1025.79,2025-12-25,2026-01-03,Retail,RISK_ENGINE,IT,PENDING
TX-100252,CUST-1164,272106.94,49441.85,2025-11-07,2025-11-09,Investment,RISK_ENGINE,DE,BOOKED
TX-100253,CUST-1084,82084.64,45945.56,2026-02-03,2026-02-05,Retail,FINANCE_APP,IT,PENDING
TX-100254,CUST-1145,337526.17,19396.81,2025-12-19,2025-12-29,Investment,RISK_ENGINE,IT,BOOKED
TX-100255,CUST-1102,334958.67,18559.64,2026-02-18,2026-02-25,SME,CORE_BANKING,FR,PENDING
TX-100256,CUST-1098,118525.11,75400.29,2026-01-24,2026-01-28,Retail,RISK_ENGINE,IT,CLOSED
TX-100257,CUST-1060,32000.04,11910.66,2026-01-27,2026-01-29,Investment,FINANCE_APP,IT,CLOSED
TX-100258,CUST-1030,319716.95,94069.5,2026-01-19,2026-01-28,Corporate,CORE_BANKING,DE,PENDING
TX-100259,CUST-1039,228034.36,98884.91,2026-01-19,2026-01-25,Investment,FINANCE_APP,DE,BOOKED
TX-100260,CUST-1174,377615.04,87326.19,2026-02-25,2026-03-05,Investment,FINANCE_APP,IT,BOOKED
TX-100261,CUST-1144,56992.19,82894.53,2025-11-12,2025-11-20,Corporate,FINANCE_APP,DE,BOOKED
TX-100262,CUST-1083,427388.52,44239.87,2025-12-10,2025-12-13,Investment,CORE_BANKING,ES,BOOKED
TX-100263,CUST-1116,66840.23,41600.91,2025-12-25,2025-12-25,Investment,FINANCE_APP,IT,CLOSED
TX-100264,CUST-1005,198578.41,81663.68,2025-12-02,2025-12-05,Retail,CORE_BANKING,ES,PENDING
TX-100265,CUST-1179,32816.2,99412.95,2025-11-08,2025-11-09,Investment,CORE_BANKING,IT,PENDING
TX-100266,CUST-1046,384717.06,76606.19,2025-12-04,2025-12-14,Investment,RISK_ENGINE,ES,PENDING
TX-100267,CUST-1096,188447.12,68304.76,2025-12-13,2025-12-21,Corporate,FINANCE_APP,IT,BOOKED
TX-100268,CUST-1045,496430.54,39366.56,2026-02-19,2026-02-22,Retail,CORE_BANKING,IT,PENDING
TX-100269,CUST-1172,359827.89,42470.39,2026-01-18,2026-01-21,Corporate,RISK_ENGINE,IT,BOOKED
TX-100270,CUST-1070,95051.75,87533.3,2025-11-30,2025-12-01,Retail,FINANCE_APP,ES,CLOSED
TX-100271,CUST-1196,468182.73,88915.23,2026-02-05,2026-02-08,Retail,CORE_BANKING,FR,PENDING
TX-100272,CUST-1153,336339.79,87234.02,2026-02-04,2026-02-04,Investment,RISK_ENGINE,DE,CLOSED
TX-100273,CUST-1055,377438.47,77628.76,2026-02-18,2026-02-26,SME,CORE_BANKING,IT,CLOSED
TX-100274,CUST-1153,386496.57,81856.41,2026-02-05,2026-02-09,Corporate,FINANCE_APP,DE,PENDING
TX-100275,CUST-1076,138301.81,55716.14,2025-12-22,2025-12-24,Investment,FINANCE_APP,ES,BOOKED
TX-100276,CUST-1088,470851.62,67167.12,2025-11-27,2025-12-05,SME,FINANCE_APP,ES,PENDING
TX-100277,CUST-1038,150644.36,18469.51,2025-12-29,2026-01-05,Corporate,CORE_BANKING,IT,CLOSED
TX-100278,CUST-1036,403082.3,91482.64,2025-12-26,2026-01-01,Investment,FINANCE_APP,DE,PENDING
TX-100279,CUST-1062,128242.83,33093.27,2026-02-25,2026-03-04,SME,CORE_BANKING,DE,BOOKED
TX-100280,CUST-1068,189206.82,60536.45,2026-03-02,2026-03-03,Corporate,FINANCE_APP,DE,PENDING
TX-100281,CUST-1053,434867.45,33363.13,2025-11-11,2025-11-11,Corporate,CORE_BANKING,FR,CLOSED
TX-100282,CUST-1193,239981.52,24335.06,2025-12-20,2025-12-23,Investment,CORE_BANKING,IT,PENDING
TX-100283,CUST-1097,233658.98,64907.26,2026-01-27,2026-01-31,SME,FINANCE_APP,ES,PENDING
TX-100284,CUST-1025,401605.49,72269.12,2025-11-30,2025-12-05,Corporate,RISK_ENGINE,IT,PENDING
TX-100285,CUST-1011,281699.84,22205.28,2026-02-17,2026-02-17,SME,FINANCE_APP,ES,PENDING
TX-100286,CUST-1039,98899.7,23078.86,2025-12-25,2025-12-28,Investment,FINANCE_APP,IT,PENDING
TX-100287,CUST-1195,410974.38,96654.18,2025-12-15,2025-12-22,Investment,CORE_BANKING,IT,BOOKED
TX-100288,CUST-1035,360436.45,48882.8,2025-11-10,2025-11-18,Retail,FINANCE_APP,FR,BOOKED
TX-100289,CUST-1171,25208.68,737.74,2026-02-18,2026-02-28,Corporate,CORE_BANKING,DE,BOOKED
TX-100290,CUST-1055,253360.73,37382.75,2025-12-18,2025-12-28,Investment,FINANCE_APP,ES,BOOKED
TX-100291,CUST-1001,266574.03,41192.72,2026-03-05,2026-03-13,SME,FINANCE_APP,IT,BOOKED
TX-100292,CUST-1128,406765.45,67435.89,2025-11-24,2025-11-26,Retail,CORE_BANKING,DE,BOOKED
TX-100293,CUST-1049,310270.64,25316.58,2026-01-21,2026-01-25,Investment,CORE_BANKING,IT,PENDING
TX-100294,CUST-1117,282936.09,99024.28,2026-02-07,2026-02-11,Retail,FINANCE_APP,FR,BOOKED
TX-100295,CUST-1103,190252.75,55314.87,2026-02-28,2026-03-10,Retail,FINANCE_APP,DE,BOOKED
TX-100296,CUST-1127,422819.57,64526.23,2026-01-24,2026-02-02,Retail,FINANCE_APP,FR,BOOKED
TX-100297,CUST-1054,450735.21,69259.54,2025-12-25,2026-01-01,SME,CORE_BANKING,FR,CLOSED
TX-100298,CUST-1071,449756.51,56394.64,2026-03-03,2026-03-05,SME,CORE_BANKING,DE,CLOSED
TX-100299,CUST-1036,376374.98,71299.87,2026-01-16,2026-01-17,SME,CORE_BANKING,DE,CLOSED
TX-100300,CUST-1099,338840.45,54102.19,2026-01-17,2026-01-19,Retail,FINANCE_APP,IT,BOOKED
TX-100301,CUST-1025,219107.04,83883.6,2026-01-23,2026-02-01,Investment,RISK_ENGINE,FR,CLOSED
TX-100302,CUST-1069,391990.52,45109.96,2026-02-06,2026-02-11,Investment,RISK_ENGINE,DE,CLOSED
TX-100303,CUST-1149,330675.28,8660.84,2025-12-18,2025-12-22,Corporate,FINANCE_APP,FR,BOOKED
TX-100304,CUST-1068,77956.26,71196.55,2025-12-16,2025-12-18,Investment,RISK_ENGINE,IT,BOOKED
TX-100305,CUST-1023,3592.42,30895.92,2026-01-20,2026-01-24,Retail,CORE_BANKING,FR,BOOKED
TX-100306,CUST-1110,224972.99,55518.53,2026-01-14,2026-01-15,Retail,CORE_BANKING,IT,CLOSED
TX-100307,CUST-1023,298865.35,78465.43,2025-11-17,2025-11-23,Retail,RISK_ENGINE,ES,PENDING
TX-100308,CUST-1199,43265.06,90123.49,2025-11-12,2025-11-15,Corporate,FINANCE_APP,ES,BOOKED
TX-100309,CUST-1035,135190.56,26913.84,2026-02-17,2026-02-18,Corporate,RISK_ENGINE,IT,PENDING
TX-100310,CUST-1076,242631.43,7784.44,2026-02-03,2026-02-06,Investment,FINANCE_APP,DE,PENDING
TX-100311,CUST-1027,68609.27,776.06,2026-01-16,2026-01-21,Investment,RISK_ENGINE,ES,PENDING
TX-100312,CUST-1110,407922.26,85964.9,2025-12-21,2025-12-23,SME,RISK_ENGINE,DE,PENDING
TX-100313,CUST-1080,89641.0,39884.13,2026-01-26,2026-01-30,Investment,FINANCE_APP,DE,PENDING
TX-100314,CUST-1096,140869.77,78608.07,2026-01-20,2026-01-21,Corporate,FINANCE_APP,DE,CLOSED
TX-100315,CUST-1196,275499.48,95305.16,2026-01-07,2026-01-10,Investment,RISK_ENGINE,FR,PENDING
TX-100316,CUST-1172,250152.3,63370.27,2026-02-05,2026-02-09,Corporate,FINANCE_APP,ES,PENDING
TX-100317,CUST-1018,225084.29,59833.59,2025-12-23,2025-12-29,Investment,FINANCE_APP,FR,PENDING
TX-100318,CUST-1179,447855.26,53736.91,2025-12-16,2025-12-17,Retail,CORE_BANKING,IT,BOOKED
TX-100319,CUST-1165,306726.27,56365.71,2025-12-15,2025-12-25,Investment,RISK_ENGINE,ES,BOOKED
TX-100320,CUST-1002,50204.67,22277.91,2025-12-02,2025-12-10,Corporate,RISK_ENGINE,IT,PENDING
TX-100321,CUST-1118,386398.77,58900.14,2026-01-02,2026-01-04,SME,CORE_BANKING,ES,BOOKED
TX-100322,CUST-1075,208571.74,96176.61,2026-02-21,2026-02-23,SME,RISK_ENGINE,IT,PENDING
TX-100323,CUST-1200,104226.8,48344.31,2026-01-06,2026-01-07,Investment,FINANCE_APP,ES,PENDING
TX-100324,CUST-1017,150831.78,81037.58,2026-02-21,2026-02-21,SME,FINANCE_APP,FR,CLOSED
TX-100325,CUST-1042,465031.3,74074.9,2025-12-31,2026-01-02,Corporate,RISK_ENGINE,ES,PENDING
TX-100326,CUST-1059,399080.14,63013.06,2026-02-12,2026-02-22,Investment,RISK_ENGINE,FR,CLOSED
TX-100327,CUST-1157,441665.59,45012.54,2026-01-12,2026-01-18,Retail,FINANCE_APP,DE,BOOKED
TX-100328,CUST-1071,376410.42,80892.11,2026-02-27,2026-03-08,Retail,FINANCE_APP,DE,PENDING
TX-100329,CUST-1083,99340.06,11484.1,2025-12-12,2025-12-19,SME,FINANCE_APP,ES,CLOSED
TX-100330,CUST-1100,293915.35,34857.67,2025-11-19,2025-11-26,Corporate,FINANCE_APP,IT,CLOSED
TX-100331,CUST-1151,43291.23,13481.38,2026-02-20,2026-02-23,SME,CORE_BANKING,DE,PENDING
TX-100332,CUST-1177,71537.91,38907.48,2025-12-21,2025-12-23,Investment,RISK_ENGINE,DE,PENDING
TX-100333,CUST-1162,269152.26,91924.18,2025-11-08,2025-11-10,Corporate,RISK_ENGINE,IT,BOOKED
TX-100334,CUST-1047,157975.43,45155.0,2026-03-01,2026-03-06,Retail,RISK_ENGINE,DE,BOOKED
TX-100335,CUST-1098,481950.72,50593.26,2026-01-03,2026-01-09,Investment,RISK_ENGINE,ES,PENDING
TX-100336,CUST-1042,42252.64,3182.98,2025-11-30,2025-12-03,SME,CORE_BANKING,IT,BOOKED
TX-100337,CUST-1137,145046.48,78095.95,2025-12-25,2026-01-01,Retail,FINANCE_APP,FR,PENDING
TX-100338,CUST-1198,272009.98,99090.27,2025-12-28,2025-12-28,Investment,FINANCE_APP,DE,PENDING
TX-100339,CUST-1026,368258.36,65401.8,2026-02-04,2026-02-08,Retail,RISK_ENGINE,IT,PENDING
TX-100340,CUST-1022,220095.88,99396.37,2025-11-28,2025-12-01,Corporate,FINANCE_APP,IT,CLOSED
TX-100341,CUST-1156,316752.54,16681.56,2026-02-18,2026-02-21,Corporate,CORE_BANKING,IT,CLOSED
TX-100342,CUST-1071,298831.99,16920.9,2025-12-07,2025-12-11,SME,FINANCE_APP,IT,CLOSED
TX-100343,CUST-1173,407775.27,13645.33,2025-12-01,2025-12-07,Retail,RISK_ENGINE,DE,CLOSED
TX-100344,CUST-1033,125588.94,71168.35,2025-11-21,2025-11-24,Investment,RISK_ENGINE,DE,CLOSED
TX-100345,CUST-1161,135089.86,41481.09,2026-01-09,2026-01-10,Retail,RISK_ENGINE,IT,CLOSED
TX-100346,CUST-1094,227893.13,48855.64,2025-12-23,2025-12-23,Retail,FINANCE_APP,ES,CLOSED
TX-100347,CUST-1170,348947.2,85025.61,2025-11-26,2025-12-04,Investment,CORE_BANKING,ES,BOOKED
TX-100348,CUST-1126,134999.88,82851.53,2026-01-23,2026-01-31,Corporate,FINANCE_APP,ES,PENDING
TX-100349,CUST-1174,381364.76,4689.7,2025-12-17,2025-12-24,Retail,CORE_BANKING,DE,PENDING
TX-100350,CUST-1116,1337.29,95807.37,2026-02-10,2026-02-12,SME,CORE_BANKING,IT,BOOKED
TX-100351,CUST-1167,180857.26,8333.81,2025-12-12,2025-12-22,Corporate,CORE_BANKING,ES,CLOSED
TX-100352,CUST-1078,363268.19,75547.69,2026-01-12,2026-01-22,Retail,FINANCE_APP,FR,BOOKED
TX-100353,CUST-1054,238926.55,13356.71,2026-02-07,2026-02-15,Investment,CORE_BANKING,FR,CLOSED
TX-100354,CUST-1087,408737.4,98816.68,2026-01-12,2026-01-14,Investment,CORE_BANKING,DE,PENDING
TX-100355,CUST-1022,365650.93,10332.47,2026-01-26,2026-01-31,SME,CORE_BANKING,ES,BOOKED
TX-100356,CUST-1164,496477.14,14371.02,2025-12-30,2026-01-08,Retail,FINANCE_APP,DE,PENDING
TX-100357,CUST-1089,361493.58,62845.2,2026-02-16,2026-02-22,Investment,CORE_BANKING,FR,BOOKED
TX-100358,CUST-1035,376470.38,58998.43,2026-01-17,2026-01-22,Investment,RISK_ENGINE,DE,BOOKED
TX-100359,CUST-1070,322665.66,24891.89,2025-12-21,2025-12-30,SME,FINANCE_APP,FR,CLOSED
TX-100360,CUST-1077,103517.41,60731.99,2026-02-11,2026-02-17,SME,FINANCE_APP,FR,BOOKED
TX-100361,CUST-1126,193556.9,24184.07,2025-12-16,2025-12-25,Retail,FINANCE_APP,FR,PENDING
TX-100362,CUST-1081,66859.46,86095.32,2025-12-25,2025-12-31,SME,FINANCE_APP,DE,PENDING
TX-100363,CUST-1197,37422.93,58777.61,2026-03-06,2026-03-10,Corporate,CORE_BANKING,FR,PENDING
TX-100364,CUST-1129,143957.41,71291.64,2025-11-29,2025-12-05,Investment,FINANCE_APP,ES,BOOKED
TX-100365,CUST-1163,268745.84,61643.1,2026-01-31,2026-02-01,SME,CORE_BANKING,DE,BOOKED
TX-100366,CUST-1137,164048.4,58685.07,2025-11-30,2025-12-10,Retail,RISK_ENGINE,ES,CLOSED
TX-100367,CUST-1061,29895.07,8712.66,2026-01-11,2026-01-12,Investment,FINANCE_APP,FR,PENDING
TX-100368,CUST-1170,371105.06,74091.75,2026-02-20,2026-02-20,Corporate,FINANCE_APP,FR,BOOKED
TX-100369,CUST-1127,476555.08,52348.24,2025-11-27,2025-12-01,Corporate,RISK_ENGINE,DE,CLOSED
TX-100370,CUST-1199,436856.57,73320.29,2026-02-20,2026-02-20,SME,RISK_ENGINE,IT,CLOSED
TX-100371,CUST-1016,132211.88,97507.55,2025-12-17,2025-12-18,Investment,RISK_ENGINE,IT,BOOKED
TX-100372,CUST-1127,429820.53,16771.45,2026-02-15,2026-02-19,Retail,FINANCE_APP,FR,BOOKED
TX-100373,CUST-1189,254903.62,4499.39,2025-11-17,2025-11-17,Corporate,CORE_BANKING,ES,PENDING
TX-100374,CUST-1098,460193.05,17978.2,2025-11-18,2025-11-18,Investment,CORE_BANKING,IT,BOOKED
TX-100375,CUST-1106,458011.53,32061.52,2025-11-22,2025-11-23,SME,CORE_BANKING,FR,BOOKED
TX-100376,CUST-1057,402364.67,98143.25,2026-01-15,2026-01-16,Investment,RISK_ENGINE,IT,PENDING
TX-100377,CUST-1022,276992.61,896.12,2026-02-10,2026-02-14,SME,FINANCE_APP,DE,PENDING
TX-100378,CUST-1094,296253.78,49386.73,2025-11-29,2025-12-02,Corporate,CORE_BANKING,FR,PENDING
TX-100379,CUST-1006,117265.87,34707.73,2025-11-20,2025-11-20,SME,CORE_BANKING,ES,CLOSED
TX-100380,CUST-1186,154447.81,20598.92,2026-02-05,2026-02-11,Investment,CORE_BANKING,DE,CLOSED
TX-100381,CUST-1071,47420.29,92135.31,2025-11-13,2025-11-21,Investment,FINANCE_APP,IT,PENDING
TX-100382,CUST-1191,43366.31,9648.14,2026-02-18,2026-02-28,Investment,CORE_BANKING,FR,PENDING
TX-100383,CUST-1169,482144.92,23753.5,2026-02-02,2026-02-07,Investment,FINANCE_APP,IT,PENDING
TX-100384,CUST-1115,136705.98,7561.27,2026-02-10,2026-02-12,Retail,CORE_BANKING,FR,BOOKED
TX-100385,CUST-1115,233561.5,40710.6,2025-12-29,2026-01-03,Corporate,RISK_ENGINE,IT,PENDING
TX-100386,CUST-1067,426388.61,9133.05,2025-11-24,2025-12-04,SME,FINANCE_APP,FR,BOOKED
TX-100387,CUST-1083,75013.57,71144.62,2026-01-21,2026-01-27,Retail,FINANCE_APP,IT,PENDING
TX-100388,CUST-1044,16509.96,40498.78,2026-01-09,2026-01-17,Corporate,CORE_BANKING,ES,BOOKED
TX-100389,CUST-1035,61605.17,6260.75,2025-11-28,2025-12-01,Corporate,CORE_BANKING,ES,PENDING
TX-100390,CUST-1175,315518.48,64504.03,2025-12-23,2026-01-01,SME,CORE_BANKING,FR,BOOKED
TX-100391,CUST-1050,451345.54,44398.79,2026-02-19,2026-02-20,SME,CORE_BANKING,FR,PENDING
TX-100392,CUST-1012,84826.62,57431.03,2025-11-22,2025-11-28,Investment,CORE_BANKING,ES,CLOSED
TX-100393,CUST-1109,87230.8,21550.14,2026-02-12,2026-02-16,SME,RISK_ENGINE,DE,BOOKED
TX-100394,CUST-1157,309969.1,24653.9,2026-01-29,2026-02-05,Investment,FINANCE_APP,ES,BOOKED
TX-100395,CUST-1022,140608.22,13809.88,2026-02-10,2026-02-20,Corporate,FINANCE_APP,FR,PENDING
TX-100396,CUST-1200,356971.96,48020.48,2025-11-27,2025-12-04,SME,FINANCE_APP,IT,PENDING
TX-100397,CUST-1069,90728.12,31955.87,2026-02-07,2026-02-07,SME,CORE_BANKING,ES,CLOSED
TX-100398,CUST-1091,383654.24,99960.61,2026-02-15,2026-02-16,Corporate,FINANCE_APP,DE,PENDING
TX-100399,CUST-1136,408326.3,91734.22,2026-02-28,2026-03-03,Investment,RISK_ENGINE,DE,BOOKED
TX-100400,CUST-1060,296667.24,80640.4,2025-12-08,2025-12-13,Retail,FINANCE_APP,IT,CLOSED
TX-100401,CUST-1144,71909.04,94842.01,2025-11-20,2025-11-27,SME,CORE_BANKING,ES,BOOKED
TX-100402,CUST-1023,29027.82,60206.11,2026-03-05,2026-03-13,Investment,CORE_BANKING,IT,CLOSED
TX-100403,CUST-1051,403416.26,34141.83,2026-02-13,2026-02-18,Retail,CORE_BANKING,DE,CLOSED
TX-100404,CUST-1180,458694.85,77459.21,2025-11-19,2025-11-27,SME,CORE_BANKING,IT,CLOSED
TX-100405,CUST-1169,198402.19,10193.11,2026-01-28,2026-02-02,Corporate,CORE_BANKING,ES,CLOSED
TX-100406,CUST-1124,324940.95,17502.85,2025-12-26,2026-01-04,SME,CORE_BANKING,DE,PENDING
TX-100407,CUST-1078,367263.49,29522.27,2026-02-13,2026-02-13,Investment,FINANCE_APP,FR,BOOKED
TX-100408,CUST-1154,159790.24,80899.81,2025-12-19,2025-12-22,Retail,RISK_ENGINE,DE,PENDING
TX-100409,CUST-1190,39825.51,34746.33,2026-01-26,2026-01-28,Retail,FINANCE_APP,IT,PENDING
TX-100410,CUST-1002,133341.01,25029.13,2026-02-27,2026-03-04,SME,CORE_BANKING,FR,BOOKED
TX-100411,CUST-1098,219671.85,42023.36,2026-02-14,2026-02-20,Investment,RISK_ENGINE,IT,CLOSED
TX-100412,CUST-1096,51612.85,48000.98,2025-11-17,2025-11-26,Corporate,CORE_BANKING,ES,BOOKED
TX-100413,CUST-1008,148159.4,31939.82,2026-02-22,2026-02-23,SME,CORE_BANKING,ES,BOOKED
TX-100414,CUST-1187,38426.21,94189.23,2026-02-24,2026-03-01,Investment,FINANCE_APP,FR,PENDING
TX-100415,CUST-1167,83333.6,88986.35,2026-02-15,2026-02-15,Retail,RISK_ENGINE,DE,BOOKED
TX-100416,CUST-1104,348901.16,72231.61,2025-12-04,2025-12-12,SME,FINANCE_APP,IT,PENDING
TX-100417,CUST-1060,48862.04,39350.93,2025-12-27,2026-01-03,Corporate,CORE_BANKING,IT,BOOKED
TX-100418,CUST-1109,44726.55,82407.34,2025-12-17,2025-12-26,Investment,CORE_BANKING,FR,BOOKED
TX-100419,CUST-1052,86245.26,29251.97,2026-02-25,2026-03-04,Retail,RISK_ENGINE,ES,PENDING
TX-100420,CUST-1125,447543.86,26573.94,2025-12-15,2025-12-23,Investment,CORE_BANKING,IT,PENDING
TX-100421,CUST-1094,94104.89,4557.23,2026-01-10,2026-01-17,SME,CORE_BANKING,IT,CLOSED
TX-100422,CUST-1015,76414.21,69677.45,2026-02-23,2026-02-24,SME,FINANCE_APP,ES,CLOSED
TX-100423,CUST-1058,277247.35,84095.64,2025-11-23,2025-12-01,Investment,FINANCE_APP,ES,CLOSED
TX-100424,CUST-1060,238654.88,7987.61,2025-11-12,2025-11-12,Corporate,CORE_BANKING,ES,BOOKED
TX-100425,CUST-1042,486110.27,80865.23,2026-02-19,2026-02-19,Investment,CORE_BANKING,ES,BOOKED
TX-100426,CUST-1160,74791.25,59545.26,2026-01-26,2026-01-27,Retail,RISK_ENGINE,ES,CLOSED
TX-100427,CUST-1083,428455.47,52016.85,2025-11-10,2025-11-10,Investment,CORE_BANKING,ES,BOOKED
TX-100428,CUST-1037,283730.37,58309.44,2025-11-07,2025-11-08,Retail,FINANCE_APP,FR,PENDING
TX-100429,CUST-1137,440187.76,87801.57,2026-02-02,2026-02-08,Investment,FINANCE_APP,ES,BOOKED
TX-100430,CUST-1044,138431.66,14470.88,2025-12-20,2025-12-30,Investment,CORE_BANKING,ES,PENDING
TX-100431,CUST-1176,119552.07,74600.41,2025-11-10,2025-11-14,SME,CORE_BANKING,IT,PENDING
TX-100432,CUST-1079,140892.98,49212.76,2025-12-08,2025-12-18,Retail,CORE_BANKING,DE,PENDING
TX-100433,CUST-1190,222112.2,82599.75,2026-02-01,2026-02-07,Retail,CORE_BANKING,ES,BOOKED
TX-100434,CUST-1104,370731.45,75973.38,2025-11-16,2025-11-21,Retail,FINANCE_APP,DE,BOOKED
TX-100435,CUST-1079,355075.13,40398.18,2025-11-28,2025-12-06,Retail,CORE_BANKING,DE,BOOKED
TX-100436,CUST-1014,125495.64,45699.22,2025-11-10,2025-11-15,Corporate,RISK_ENGINE,IT,PENDING
TX-100437,CUST-1129,199074.2,92315.05,2025-12-10,2025-12-10,Corporate,RISK_ENGINE,ES,CLOSED
TX-100438,CUST-1114,89614.26,87061.03,2025-12-22,2025-12-30,SME,RISK_ENGINE,DE,PENDING
TX-100439,CUST-1191,415604.23,9130.15,2026-03-04,2026-03-10,Retail,CORE_BANKING,DE,BOOKED
TX-100440,CUST-1165,113330.91,20752.43,2025-12-14,2025-12-20,Retail,FINANCE_APP,FR,PENDING
TX-100441,CUST-1033,324038.41,60154.08,2026-03-06,2026-03-09,SME,FINANCE_APP,IT,CLOSED
TX-100442,CUST-1181,321727.42,42438.3,2026-01-18,2026-01-23,Investment,RISK_ENGINE,DE,PENDING
TX-100443,CUST-1077,338920.88,82448.65,2026-01-16,2026-01-25,Retail,CORE_BANKING,IT,CLOSED
TX-100444,CUST-1165,297292.5,28339.42,2025-12-10,2025-12-11,Investment,CORE_BANKING,IT,PENDING
TX-100445,CUST-1163,163243.4,27760.8,2025-12-14,2025-12-24,SME,CORE_BANKING,DE,CLOSED
TX-100446,CUST-1195,120910.74,5771.79,2025-11-18,2025-11-27,Investment,FINANCE_APP,IT,CLOSED
TX-100447,CUST-1035,360920.32,65574.52,2026-01-29,2026-02-02,Investment,RISK_ENGINE,ES,CLOSED
TX-100448,CUST-1009,291928.83,99475.9,2025-11-23,2025-11-26,SME,FINANCE_APP,DE,CLOSED
TX-100449,CUST-1136,319518.48,47625.95,2025-11-07,2025-11-17,SME,FINANCE_APP,IT,BOOKED
TX-100450,CUST-1168,438370.9,18195.47,2026-02-23,2026-03-02,Corporate,FINANCE_APP,IT,CLOSED
TX-100451,CUST-1143,381696.19,18388.53,2025-12-10,2025-12-15,Retail,CORE_BANKING,IT,BOOKED
TX-100452,CUST-1190,435844.68,42105.21,2025-11-14,2025-11-19,SME,RISK_ENGINE,IT,PENDING
TX-100453,CUST-1030,235797.75,86652.7,2025-12-23,2026-01-01,Retail,RISK_ENGINE,DE,CLOSED
TX-100454,CUST-1030,433881.38,38228.76,2026-01-28,2026-02-03,Retail,CORE_BANKING,DE,BOOKED
TX-100455,CUST-1087,205186.73,56983.42,2025-11-11,2025-11-18,Corporate,RISK_ENGINE,DE,BOOKED
TX-100456,CUST-1124,166982.09,98665.37,2026-01-26,2026-02-05,Retail,CORE_BANKING,ES,PENDING
TX-100457,CUST-1053,380835.45,16943.72,2025-11-30,2025-12-02,Investment,CORE_BANKING,DE,CLOSED
TX-100458,CUST-1111,317110.28,40399.01,2026-01-05,2026-01-11,Retail,CORE_BANKING,DE,CLOSED
TX-100459,CUST-1095,475084.24,89211.44,2025-12-01,2025-12-09,Corporate,CORE_BANKING,FR,CLOSED
TX-100460,CUST-1187,125162.74,69383.12,2026-01-22,2026-01-26,Corporate,CORE_BANKING,ES,CLOSED
TX-100461,CUST-1150,153751.43,6622.17,2026-03-02,2026-03-06,SME,RISK_ENGINE,IT,PENDING
TX-100462,CUST-1175,497740.73,34339.01,2025-11-12,2025-11-19,SME,CORE_BANKING,DE,PENDING
TX-100463,CUST-1004,114980.72,72744.17,2026-02-19,2026-02-22,Retail,FINANCE_APP,DE,BOOKED
TX-100464,CUST-1093,355843.93,79233.5,2026-01-18,2026-01-28,SME,FINANCE_APP,FR,CLOSED
TX-100465,CUST-1012,331322.99,65391.41,2026-03-05,2026-03-05,Retail,RISK_ENGINE,ES,PENDING
TX-100466,CUST-1031,274093.91,47492.19,2026-02-16,2026-02-19,Retail,RISK_ENGINE,ES,CLOSED
TX-100467,CUST-1025,331579.0,27070.72,2025-12-20,2025-12-22,Investment,CORE_BANKING,FR,PENDING
TX-100468,CUST-1029,392595.27,49824.13,2025-12-20,2025-12-23,SME,FINANCE_APP,DE,PENDING
TX-100469,CUST-1180,205468.36,16121.32,2025-12-27,2026-01-03,Corporate,FINANCE_APP,ES,PENDING
TX-100470,CUST-1060,2366.26,67196.15,2025-11-11,2025-11-12,Investment,CORE_BANKING,FR,CLOSED
TX-100471,CUST-1019,362058.24,10218.92,2026-02-03,2026-02-13,Corporate,RISK_ENGINE,IT,PENDING
TX-100472,CUST-1118,25990.02,81336.52,2025-11-16,2025-11-16,SME,RISK_ENGINE,IT,PENDING
TX-100473,CUST-1189,58834.63,85139.47,2025-11-14,2025-11-14,Retail,CORE_BANKING,DE,PENDING
TX-100474,CUST-1091,447369.28,95513.41,2026-02-01,2026-02-02,SME,RISK_ENGINE,DE,BOOKED
TX-100475,CUST-1102,200724.86,45708.21,2025-11-21,2025-11-27,Investment,RISK_ENGINE,DE,BOOKED
TX-100476,CUST-1033,348388.77,5958.77,2025-11-07,2025-11-09,Retail,RISK_ENGINE,ES,CLOSED
TX-100477,CUST-1173,219643.24,61171.18,2025-11-28,2025-12-03,Retail,FINANCE_APP,DE,PENDING
TX-100478,CUST-1124,57355.8,41187.3,2026-03-02,2026-03-03,SME,FINANCE_APP,IT,BOOKED
TX-100479,CUST-1180,434297.8,52529.31,2025-12-02,2025-12-11,Corporate,FINANCE_APP,IT,CLOSED
TX-100480,CUST-1133,344432.58,61862.08,2026-01-11,2026-01-21,Corporate,RISK_ENGINE,IT,CLOSED
TX-100481,CUST-1173,321060.82,14950.58,2025-11-22,2025-11-30,Retail,CORE_BANKING,DE,CLOSED
TX-100482,CUST-1120,426083.7,86954.62,2026-02-26,2026-03-05,SME,CORE_BANKING,IT,PENDING
TX-100483,CUST-1012,253957.74,55094.51,2026-01-18,2026-01-24,Corporate,CORE_BANKING,ES,PENDING
TX-100484,CUST-1146,224601.19,85673.26,2026-01-09,2026-01-14,Retail,RISK_ENGINE,FR,BOOKED
TX-100485,CUST-1103,206756.94,55757.39,2026-03-07,2026-03-08,SME,FINANCE_APP,DE,CLOSED
TX-100486,CUST-1171,228647.75,34151.33,2025-11-22,2025-11-22,Corporate,RISK_ENGINE,IT,CLOSED
TX-100487,CUST-1196,310259.23,47366.05,2025-12-13,2025-12-18,Investment,CORE_BANKING,FR,CLOSED
TX-100488,CUST-1056,2096.28,35578.38,2025-12-16,2025-12-20,SME,FINANCE_APP,FR,BOOKED
TX-100489,CUST-1042,246718.65,82201.68,2025-12-02,2025-12-08,Retail,RISK_ENGINE,DE,BOOKED
TX-100490,CUST-1030,465177.91,39350.36,2026-01-08,2026-01-11,SME,CORE_BANKING,ES,BOOKED
TX-100491,CUST-1162,418895.65,58922.23,2025-11-29,2025-12-06,Investment,FINANCE_APP,DE,PENDING
TX-100492,CUST-1001,265651.81,4952.3,2025-11-08,2025-11-14,Investment,FINANCE_APP,DE,CLOSED
TX-100493,CUST-1148,87651.48,81542.89,2026-02-22,2026-02-28,SME,FINANCE_APP,ES,PENDING
TX-100494,CUST-1155,458039.21,76261.23,2026-01-31,2026-02-06,SME,RISK_ENGINE,ES,BOOKED
TX-100495,CUST-1035,206959.99,70031.43,2025-12-02,2025-12-10,SME,FINANCE_APP,IT,CLOSED
TX-100496,CUST-1188,467820.53,63295.07,2026-02-10,2026-02-13,SME,FINANCE_APP,IT,CLOSED
TX-100497,CUST-1033,490686.41,65043.63,2026-02-13,2026-02-21,SME,FINANCE_APP,FR,PENDING
TX-100498,CUST-1143,240704.59,57106.76,2025-12-12,2025-12-18,SME,RISK_ENGINE,FR,CLOSED
TX-100499,CUST-1027,13610.8,14618.14,2025-12-12,2025-12-12,Corporate,RISK_ENGINE,DE,PENDING
TX-100040,CUST-1175,317484.74,26471.99,2026-01-04,2026-01-08,Retail,CORE_BANKING,ES,PENDING
TX-100041,CUST-1011,2769.3,77134.81,2025-12-16,2025-12-20,Corporate,FINANCE_APP,ES,CLOSED
